nRuns,batchSize,timeCompute,timeTotal
32,1,2.6830356121063232,3.1492061614990234
32,1,2.5358169078826904,2.800971746444702
32,1,2.2464659214019775,2.484266996383667
32,1,2.8810582160949707,3.206048011779785
32,1,1.7361221313476562,1.973884105682373
32,1,1.7384271621704102,1.976369857788086
32,1,1.7379987239837646,1.975618839263916
32,1,1.7377805709838867,1.9755859375
32,1,1.7381491661071777,1.975541591644287
32,1,1.7336575984954834,1.9712681770324707
32,2,0.8670597076416016,1.1042509078979492
32,2,0.8670303821563721,1.1041159629821777
32,2,0.8676126003265381,1.105177879333496
32,2,0.8679132461547852,1.105379343032837
32,2,0.8683421611785889,1.1059901714324951
32,2,0.8667552471160889,1.1040964126586914
32,2,0.8672130107879639,1.1044504642486572
32,2,0.8659067153930664,1.1023380756378174
32,2,0.8667318820953369,1.1039130687713623
32,2,0.8662259578704834,1.1034138202667236
32,4,0.43340110778808594,0.6703629493713379
32,4,0.43373632431030273,0.6710555553436279
32,4,0.4338076114654541,0.671389102935791
32,4,0.4340481758117676,0.6714038848876953
32,4,0.4337284564971924,0.6710970401763916
32,4,0.43363499641418457,0.6706697940826416
32,4,0.43323516845703125,0.6701891422271729
32,4,0.4333071708679199,0.6705901622772217
32,4,0.4323866367340088,0.6699342727661133
32,4,0.4340388774871826,0.6713356971740723
32,8,0.2183380126953125,0.4566190242767334
32,8,0.21921205520629883,0.45844173431396484
32,8,0.2181379795074463,0.45667076110839844
32,8,0.21860361099243164,0.4577159881591797
32,8,0.21845030784606934,0.4568765163421631
32,8,0.21865606307983398,0.4570426940917969
32,8,0.21808671951293945,0.45674610137939453
32,8,0.21825456619262695,0.45636892318725586
32,8,0.21895122528076172,0.45725345611572266
32,8,0.2182760238647461,0.45696425437927246
32,16,0.1094202995300293,0.3487670421600342
32,16,0.10937666893005371,0.3479924201965332
32,16,0.10944843292236328,0.3481426239013672
32,16,0.10940790176391602,0.34815382957458496
32,16,0.10944080352783203,0.3487703800201416
32,16,0.10934972763061523,0.3478984832763672
32,16,0.10948872566223145,0.3483707904815674
32,16,0.10956931114196777,0.34818601608276367
32,16,0.10946297645568848,0.34798717498779297
32,16,0.10929298400878906,0.34784984588623047
32,32,0.054575443267822266,0.2926318645477295
32,32,0.05469346046447754,0.29299259185791016
32,32,0.05455970764160156,0.2926371097564697
32,32,0.05468344688415527,0.2934434413909912
32,32,0.05464935302734375,0.29327940940856934
32,32,0.05465435981750488,0.2929251194000244
32,32,0.05450701713562012,0.29276251792907715
32,32,0.054546356201171875,0.2933192253112793
32,32,0.0544588565826416,0.29289960861206055
32,32,0.054555416107177734,0.2931833267211914
64,1,3.6463112831115723,3.895636796951294
64,1,3.652479887008667,3.9030964374542236
64,1,3.6333255767822266,3.8826324939727783
64,1,3.610853910446167,3.8575055599212646
64,1,3.6061506271362305,3.852980136871338
64,1,3.6157264709472656,3.8628695011138916
64,1,3.6077680587768555,3.854724884033203
64,1,3.6150028705596924,3.861858606338501
64,1,3.608557939529419,3.855475902557373
64,1,3.6145880222320557,3.8617630004882812
64,2,1.8085339069366455,2.0558059215545654
64,2,1.8032395839691162,2.0499539375305176
64,2,1.806403398513794,2.053595542907715
64,2,1.8034083843231201,2.0501785278320312
64,2,1.8053693771362305,2.0523412227630615
64,2,1.8021936416625977,2.049520254135132
64,2,1.8082866668701172,2.0551340579986572
64,2,1.8034942150115967,2.050527572631836
64,2,1.8350906372070312,2.082345485687256
64,2,1.8051908016204834,2.052321672439575
64,4,0.9033229351043701,1.1506340503692627
64,4,0.9021074771881104,1.149101972579956
64,4,0.9025449752807617,1.1494040489196777
64,4,0.9033732414245605,1.151148796081543
64,4,0.9020259380340576,1.1491069793701172
64,4,0.9031927585601807,1.1506438255310059
64,4,0.9020431041717529,1.148923397064209
64,4,0.9043562412261963,1.1518816947937012
64,4,0.9017198085784912,1.1485674381256104
64,4,0.9037628173828125,1.150663137435913
64,8,0.44838857650756836,0.6941268444061279
64,8,0.4481022357940674,0.693535566329956
64,8,0.4469175338745117,0.6925137042999268
64,8,0.44832324981689453,0.694025993347168
64,8,0.44780802726745605,0.6933386325836182
64,8,0.447986364364624,0.6944653987884521
64,8,0.4472975730895996,0.6926937103271484
64,8,0.4485301971435547,0.6946649551391602
64,8,0.4479799270629883,0.6938066482543945
64,8,0.4480254650115967,0.6940596103668213
64,16,0.35321664810180664,0.770592451095581
64,16,0.22162485122680664,0.464552640914917
64,16,0.3653230667114258,0.8306412696838379
64,16,0.2646806240081787,0.5114805698394775
64,16,0.22396111488342285,0.5707533359527588
64,16,0.29483675956726074,0.6421623229980469
64,16,0.40538716316223145,0.6518559455871582
64,16,0.22439217567443848,0.5913577079772949
64,16,0.45564818382263184,0.8526363372802734
64,16,0.3641679286956787,0.8594136238098145
64,32,0.11162519454956055,0.35668015480041504
64,32,0.1118779182434082,0.35744261741638184
64,32,0.11187052726745605,0.3569064140319824
64,32,0.11182117462158203,0.3569374084472656
64,32,0.11180901527404785,0.35651397705078125
64,32,0.11171364784240723,0.3567516803741455
64,32,0.11173796653747559,0.3567686080932617
64,32,0.11151909828186035,0.3566160202026367
64,32,0.11181092262268066,0.35672998428344727
64,32,0.11159110069274902,0.356945276260376
64,64,0.05554008483886719,0.30008435249328613
64,64,0.05557966232299805,0.3003861904144287
64,64,0.1154336929321289,0.6011548042297363
64,64,0.05538606643676758,0.38835716247558594
64,64,0.05508995056152344,0.29732775688171387
64,64,0.10540986061096191,0.43854832649230957
64,64,0.10588264465332031,0.6012122631072998
64,64,0.05518698692321777,0.4491419792175293
64,64,0.10547900199890137,0.3481290340423584
64,64,0.11637997627258301,0.6009554862976074
128,1,7.688168525695801,7.9533445835113525
128,1,7.687500238418579,7.952686786651611
128,1,7.687018632888794,7.952352046966553
128,1,7.684532165527344,7.949682712554932
128,1,7.6891865730285645,7.95451283454895
128,1,7.685231685638428,7.950225114822388
128,1,7.689117431640625,7.954625844955444
128,1,7.687466859817505,7.9526848793029785
128,1,7.684037208557129,7.949292421340942
128,1,7.6933064460754395,7.958179712295532
128,2,3.8494181632995605,4.115289688110352
128,2,3.848461866378784,4.113907098770142
128,2,3.849379539489746,4.114943027496338
128,2,3.8497817516326904,4.1153810024261475
128,2,3.8494062423706055,4.115162372589111
128,2,3.8486177921295166,4.11451268196106
128,2,3.8493361473083496,4.114840984344482
128,2,3.8501179218292236,4.115589618682861
128,2,3.8494303226470947,4.1148316860198975
128,2,3.846834421157837,4.112288475036621
128,4,1.947450876235962,2.215423822402954
128,4,1.9483122825622559,2.229573965072632
128,4,1.9444715976715088,2.2121877670288086
128,4,1.9626152515411377,2.230701208114624
128,4,1.9449124336242676,2.2127163410186768
128,4,1.957611322402954,2.2259654998779297
128,4,1.9385309219360352,2.2048726081848145
128,4,1.9441556930541992,2.210925579071045
128,4,1.9391512870788574,2.2057855129241943
128,4,1.9434127807617188,2.2108356952667236
128,8,0.9702348709106445,1.2365572452545166
128,8,0.9689764976501465,1.2352240085601807
128,8,0.9696028232574463,1.2361822128295898
128,8,0.9692873954772949,1.2354178428649902
128,8,0.9712672233581543,1.237703800201416
128,8,0.9707775115966797,1.2373831272125244
128,8,0.9700496196746826,1.2366914749145508
128,8,0.9694480895996094,1.2356469631195068
128,8,0.9704468250274658,1.2367579936981201
128,8,0.9700024127960205,1.2360203266143799
128,16,0.48579931259155273,0.7526884078979492
128,16,0.4859800338745117,0.752587080001831
128,16,0.4851877689361572,0.7523283958435059
128,16,0.48589372634887695,0.7527158260345459
128,16,0.4856083393096924,0.7529761791229248
128,16,0.4848182201385498,0.7510979175567627
128,16,0.48540616035461426,0.7523360252380371
128,16,0.48504209518432617,0.7518343925476074
128,16,0.48589491844177246,0.7533810138702393
128,16,0.4853219985961914,0.7516036033630371
128,32,0.2403712272644043,0.5049641132354736
128,32,0.46186137199401855,0.7269430160522461
128,32,0.27313661575317383,0.8223695755004883
128,32,0.3644993305206299,0.7126927375793457
128,32,0.49408698081970215,0.762012243270874
128,32,0.24115467071533203,0.6476094722747803
128,32,0.24027228355407715,0.5050868988037109
128,32,0.47265052795410156,0.7581830024719238
128,32,0.46182823181152344,1.0115370750427246
128,32,0.24056124687194824,0.5056712627410889
128,64,0.1214148998260498,0.3887975215911865
128,64,0.25187158584594727,0.5587813854217529
128,64,0.12125635147094727,0.5192122459411621
128,64,0.12130236625671387,0.38786768913269043
128,64,0.12139368057250977,0.5599496364593506
128,64,0.21172666549682617,0.4785306453704834
128,64,0.1213538646697998,0.549870491027832
128,64,0.2617635726928711,0.5383622646331787
128,64,0.12130236625671387,0.3987617492675781
128,64,0.12103748321533203,0.3876938819885254
128,128,0.060770273208618164,0.328418493270874
128,128,0.06079387664794922,0.3290750980377197
128,128,0.06076645851135254,0.32883691787719727
128,128,0.06094241142272949,0.3296818733215332
128,128,0.061553955078125,0.3951537609100342
128,128,0.061698198318481445,0.33415818214416504
128,128,0.061585426330566406,0.33287549018859863
128,128,0.061940908432006836,0.33425307273864746
128,128,0.06121516227722168,0.33268022537231445
128,128,0.061402320861816406,0.33252811431884766
256,1,17.099363088607788,17.396296977996826
256,1,17.127368927001953,17.425172328948975
256,1,17.129279851913452,17.426738500595093
256,1,17.145066499710083,17.443010568618774
256,1,17.14979314804077,17.44733428955078
256,1,17.158923864364624,17.456905603408813
256,1,17.139294624328613,17.43698263168335
256,1,17.168720960617065,17.46676993370056
256,1,17.138206005096436,17.435596227645874
256,1,17.15777349472046,17.455708742141724
256,2,8.575763940811157,8.873286008834839
256,2,8.564549684524536,8.862314939498901
256,2,8.56955599784851,8.867227792739868
256,2,8.562819957733154,8.860865116119385
256,2,8.56577181816101,8.863349914550781
256,2,8.5631103515625,8.860544681549072
256,2,8.566803932189941,8.864447832107544
256,2,8.557000398635864,8.854172945022583
256,2,8.566324472427368,8.863764524459839
256,2,8.56148648262024,8.858764410018921
256,4,4.284806728363037,4.582618474960327
256,4,4.288851022720337,4.587071418762207
256,4,4.284402370452881,4.581957817077637
256,4,4.287012815475464,4.584839344024658
256,4,4.285794496536255,4.5834245681762695
256,4,4.2883665561676025,4.5863494873046875
256,4,4.284809112548828,4.582298278808594
256,4,4.28499174118042,4.5825035572052
256,4,4.285313606262207,4.583016633987427
256,4,4.287957668304443,4.586209297180176
256,8,2.1354057788848877,2.432762861251831
256,8,2.1360654830932617,2.43393611907959
256,8,2.134010076522827,2.4315595626831055
256,8,2.1356687545776367,2.4333720207214355
256,8,2.136035203933716,2.433577060699463
256,8,2.1347742080688477,2.4329867362976074
256,8,2.132990598678589,2.4303455352783203
256,8,2.137122392654419,2.434617042541504
256,8,2.135608434677124,2.4329943656921387
256,8,2.136383056640625,2.4339094161987305
256,16,1.0663580894470215,1.3634593486785889
256,16,1.0657131671905518,1.3627910614013672
256,16,1.0676295757293701,1.3651154041290283
256,16,1.067781686782837,1.365326166152954
256,16,1.0679645538330078,1.3656575679779053
256,16,1.0672969818115234,1.3647189140319824
256,16,1.067922592163086,1.3654289245605469
256,16,1.0666522979736328,1.363781213760376
256,16,1.06689453125,1.3640122413635254
256,16,1.0668988227844238,1.364173412322998
256,32,0.534937858581543,0.8326263427734375
256,32,0.534390926361084,0.8320436477661133
256,32,0.5346536636352539,0.8324637413024902
256,32,0.5338921546936035,0.8313617706298828
256,32,0.5337610244750977,0.8314814567565918
256,32,0.5342004299163818,0.8319604396820068
256,32,0.5344347953796387,0.8323869705200195
256,32,0.5345966815948486,0.8324511051177979
256,32,0.5350289344787598,0.8327789306640625
256,32,0.5347988605499268,0.8329727649688721
256,64,0.26784849166870117,0.5656943321228027
256,64,0.26804685592651367,0.5660772323608398
256,64,0.2681441307067871,0.5664682388305664
256,64,0.26822829246520996,0.5664632320404053
256,64,0.26802992820739746,0.5659031867980957
256,64,0.26857781410217285,0.5669734477996826
256,64,0.26860642433166504,0.5663135051727295
256,64,0.26824426651000977,0.566563606262207
256,64,0.26778125762939453,0.5655021667480469
256,64,0.26816582679748535,0.5666983127593994
256,128,0.13382339477539062,0.43125224113464355
256,128,0.13344693183898926,0.43018651008605957
256,128,0.1338338851928711,0.4315319061279297
256,128,0.13349127769470215,0.4300825595855713
256,128,0.1337137222290039,0.43111634254455566
256,128,0.13359665870666504,0.4306027889251709
256,128,0.1338202953338623,0.4314746856689453
256,128,0.13338470458984375,0.4299798011779785
256,128,0.13393926620483398,0.4316127300262451
256,128,0.1333756446838379,0.4300827980041504
256,256,0.06678104400634766,0.36425256729125977
256,256,0.06692624092102051,0.36481571197509766
256,256,0.06685161590576172,0.3644866943359375
256,256,0.06698775291442871,0.3649563789367676
256,256,0.06690835952758789,0.36457371711730957
256,256,0.06702327728271484,0.36505746841430664
256,256,0.06682085990905762,0.36437177658081055
256,256,0.06699419021606445,0.3651878833770752
256,256,0.06701326370239258,0.36467456817626953
256,256,0.0670008659362793,0.3652811050415039
512,1,42.59992527961731,42.976905822753906
512,1,42.668771505355835,43.04640436172485
512,1,42.65793824195862,43.03444743156433
512,1,42.68195295333862,43.05995178222656
512,1,42.6421000957489,43.01937508583069
512,1,42.688931703567505,43.06618070602417
512,1,42.68112850189209,43.05856251716614
512,1,42.72353649139404,43.10128402709961
512,1,42.70727849006653,43.08507251739502
512,1,42.74421215057373,43.12221598625183
512,2,21.35251474380493,21.730112552642822
512,2,21.345405101776123,21.723092079162598
512,2,21.348485469818115,21.726083755493164
512,2,21.339113235473633,21.716695308685303
512,2,21.3365421295166,21.713824033737183
512,2,21.337307691574097,21.7146897315979
512,2,21.35390305519104,21.73185396194458
512,2,21.317559003829956,21.695241928100586
512,2,21.32593822479248,21.70308256149292
512,2,21.333597660064697,21.710766792297363
512,4,10.674224376678467,11.05202865600586
512,4,10.676529169082642,11.053972959518433
512,4,10.683613061904907,11.061519384384155
512,4,10.68625283241272,11.063923835754395
512,4,10.6803719997406,11.057724714279175
512,4,10.687431812286377,11.064811944961548
512,4,10.685019969940186,11.062840223312378
512,4,10.690771102905273,11.068472862243652
512,4,10.690942287445068,11.068971395492554
512,4,10.693109035491943,11.071201801300049
512,8,5.421090841293335,5.804556608200073
512,8,5.427977561950684,5.812020540237427
512,8,5.418539762496948,5.801667213439941
512,8,5.428184986114502,5.812359809875488
512,8,5.419433355331421,5.803032636642456
512,8,5.426922798156738,5.810780763626099
512,8,5.418071985244751,5.80121374130249
512,8,5.424973964691162,5.809228181838989
512,8,5.416956186294556,5.800440549850464
512,8,5.435579538345337,5.819621801376343
512,16,2.708998680114746,3.0924270153045654
512,16,2.7079896926879883,3.0912222862243652
512,16,2.711393117904663,3.0949602127075195
512,16,2.706800937652588,3.0901758670806885
512,16,2.7109313011169434,3.0947558879852295
512,16,2.7098100185394287,3.0933191776275635
512,16,2.7117919921875,3.0959105491638184
512,16,2.711331367492676,3.0948851108551025
512,16,2.7140233516693115,3.0979466438293457
512,16,2.7101645469665527,3.093876600265503
512,32,1.3542957305908203,1.7378387451171875
512,32,1.3552687168121338,1.738903284072876
512,32,1.354858636856079,1.7383592128753662
512,32,1.3561058044433594,1.7395377159118652
512,32,1.3550288677215576,1.7385172843933105
512,32,1.3552746772766113,1.7386646270751953
512,32,1.3530616760253906,1.736593246459961
512,32,1.3545827865600586,1.7378089427947998
512,32,1.353945016860962,1.7375783920288086
512,32,1.3554651737213135,1.7388336658477783
512,64,0.6744420528411865,1.0568170547485352
512,64,0.6743350028991699,1.0565996170043945
512,64,0.6744866371154785,1.0563735961914062
512,64,0.6744339466094971,1.0564055442810059
512,64,0.6742196083068848,1.0564494132995605
512,64,0.6744048595428467,1.0565204620361328
512,64,0.6741445064544678,1.0560898780822754
512,64,0.6740322113037109,1.0558719635009766
512,64,0.674222469329834,1.0559701919555664
512,64,0.6741595268249512,1.0560121536254883
512,128,0.3377068042755127,0.7214694023132324
512,128,0.3379852771759033,0.720750093460083
512,128,0.33835649490356445,0.7216191291809082
512,128,0.3377046585083008,0.7207212448120117
512,128,0.3381056785583496,0.7211651802062988
512,128,0.3380317687988281,0.7209453582763672
512,128,0.33812427520751953,0.7207918167114258
512,128,0.33751916885375977,0.7197439670562744
512,128,0.33779001235961914,0.7208335399627686
512,128,0.33847546577453613,0.7215831279754639
512,256,0.16901659965515137,0.5523521900177002
512,256,0.16887378692626953,0.552276611328125
512,256,0.1690075397491455,0.5527725219726562
512,256,0.16943669319152832,0.5529258251190186
512,256,0.16949176788330078,0.5529530048370361
512,256,0.1692502498626709,0.552330493927002
512,256,0.16901731491088867,0.5525937080383301
512,256,0.16901159286499023,0.552058219909668
512,256,0.16910147666931152,0.5522313117980957
512,256,0.16911649703979492,0.552410364151001
512,512,0.08378219604492188,0.4638373851776123
512,512,0.0836186408996582,0.4630753993988037
512,512,0.08384275436401367,0.463975191116333
512,512,0.08372759819030762,0.46349263191223145
512,512,0.08367443084716797,0.4635202884674072
512,512,0.08376550674438477,0.4637906551361084
512,512,0.08380007743835449,0.46398496627807617
512,512,0.08366084098815918,0.46317100524902344
512,512,0.08379030227661133,0.4637119770050049
512,512,0.08379673957824707,0.4640376567840576
1024,1,112.04619979858398,112.55059695243835
1024,1,112.318359375,112.8237612247467
1024,1,112.25158190727234,112.75620627403259
1024,1,112.43784952163696,112.94427180290222
1024,1,112.15965366363525,112.66429781913757
1024,1,112.43046569824219,112.93510556221008
1024,1,112.37026786804199,112.87580299377441
1024,1,112.61463785171509,113.12096786499023
1024,1,112.3867039680481,112.89252138137817
1024,1,112.63665103912354,113.14327073097229
1024,4,28.163628339767456,28.670426607131958
1024,4,28.098389625549316,28.603764057159424
1024,4,28.12862229347229,28.635464906692505
1024,4,28.088127374649048,28.59347653388977
1024,4,28.152233362197876,28.658790826797485
1024,4,28.077906131744385,28.583279132843018
1024,4,28.159449338912964,28.665987730026245
1024,4,28.08199405670166,28.587228775024414
1024,4,28.14733099937439,28.65370512008667
1024,4,28.090967416763306,28.59609889984131
1024,8,14.407418012619019,14.925584077835083
1024,8,14.37218976020813,14.887738227844238
1024,8,14.394183874130249,14.911338329315186
1024,8,14.330162525177002,14.845314502716064
1024,8,14.359350442886353,14.876567602157593
1024,8,14.338715076446533,14.853209495544434
1024,8,14.34906530380249,14.865938186645508
1024,8,14.380846500396729,14.897500038146973
1024,8,14.367700099945068,14.883991003036499
1024,8,14.357600688934326,14.87380051612854
1024,16,7.1722118854522705,7.688585042953491
1024,16,7.225820302963257,7.743066072463989
1024,16,7.164413690567017,7.680119752883911
1024,16,7.174659013748169,7.691571950912476
1024,16,7.1605002880096436,7.676390171051025
1024,16,7.173032760620117,7.689443588256836
1024,16,7.155625104904175,7.671054840087891
1024,16,7.17458176612854,7.691035985946655
1024,16,7.158414840698242,7.673961400985718
1024,16,7.169687271118164,7.685949802398682
1024,32,3.5835909843444824,4.100569725036621
1024,32,3.577784299850464,4.09338116645813
1024,32,3.5882863998413086,4.104651689529419
1024,32,3.585689067840576,4.100526332855225
1024,32,3.5887908935546875,4.105776071548462
1024,32,3.5794503688812256,4.095232248306274
1024,32,3.588986396789551,4.1064348220825195
1024,32,3.5869011878967285,4.103390455245972
1024,32,3.589630603790283,4.1061952114105225
1024,32,3.583463668823242,4.099263668060303
1024,64,1.7616539001464844,2.270120859146118
1024,64,1.761234998703003,2.2699673175811768
1024,64,1.7601189613342285,2.268740177154541
1024,64,1.7613162994384766,2.2699718475341797
1024,64,1.7622928619384766,2.2709262371063232
1024,64,1.761321783065796,2.2701990604400635
1024,64,1.7616958618164062,2.271433115005493
1024,64,1.761765480041504,2.2708141803741455
1024,64,1.7622485160827637,2.2710108757019043
1024,64,1.7613904476165771,2.270071029663086
1024,128,0.8815209865570068,1.3908615112304688
1024,128,0.8818275928497314,1.3914754390716553
1024,128,0.8818087577819824,1.3912122249603271
1024,128,0.8827340602874756,1.392390251159668
1024,128,0.8821830749511719,1.391493558883667
1024,128,0.8822011947631836,1.3916435241699219
1024,128,0.882277250289917,1.3918979167938232
1024,128,0.8832297325134277,1.393752098083496
1024,128,0.8826305866241455,1.3926851749420166
1024,128,0.8820345401763916,1.3916397094726562
1024,256,0.44095420837402344,0.950206995010376
1024,256,0.44095849990844727,0.950310468673706
1024,256,0.4422311782836914,0.9518017768859863
1024,256,0.44105005264282227,0.9525132179260254
1024,256,0.4413943290710449,0.9512548446655273
1024,256,0.4413180351257324,0.9513044357299805
1024,256,0.4413735866546631,0.9515337944030762
1024,256,0.441103458404541,0.9505615234375
1024,256,0.4416007995605469,0.9518165588378906
1024,256,0.44193053245544434,0.952045202255249
1024,512,0.22327899932861328,0.7361607551574707
1024,512,0.22363829612731934,0.7377221584320068
1024,512,0.22351694107055664,0.737144947052002
1024,512,0.2233736515045166,0.7369270324707031
1024,512,0.22333908081054688,0.7376770973205566
1024,512,0.2231450080871582,0.736041784286499
1024,512,0.22372889518737793,0.7367663383483887
1024,512,0.22344446182250977,0.7369017601013184
1024,512,0.22453856468200684,0.737267017364502
1024,512,0.22353434562683105,0.7373433113098145
1024,1024,0.11150813102722168,0.624861478805542
1024,1024,0.11146354675292969,0.624896764755249
1024,1024,0.11196732521057129,0.6254270076751709
1024,1024,0.11145925521850586,0.6253511905670166
1024,1024,0.11177873611450195,0.6253716945648193
1024,1024,0.11143064498901367,0.6246459484100342
1024,1024,0.11143875122070312,0.6246128082275391
1024,1024,0.11187148094177246,0.6254429817199707
1024,1024,0.11165714263916016,0.6251504421234131
1024,1024,0.1114802360534668,0.624880313873291
2048,1,341.0726418495178,341.8545048236847
2048,1,340.7710473537445,341.5513789653778
2048,1,341.28875946998596,342.06793117523193
2048,1,339.8156883716583,340.5940053462982
2048,1,339.6552424430847,340.4342005252838
2048,1,339.9281988143921,340.70709228515625
2048,1,339.82193398475647,340.59996485710144
2048,1,339.99890065193176,340.77879548072815
2048,1,339.84190559387207,340.6208372116089
2048,1,339.51288318634033,340.291259765625
2048,8,42.077003717422485,42.84889507293701
2048,8,42.055245876312256,42.82654571533203
2048,8,42.10480308532715,42.876890659332275
2048,8,42.08194875717163,42.85379409790039
2048,8,42.099069118499756,42.871033668518066
2048,8,42.090054750442505,42.86201739311218
2048,8,42.096163272857666,42.868855237960815
2048,8,42.08672022819519,42.85822868347168
2048,8,42.09480381011963,42.8669114112854
2048,8,42.09899091720581,42.87122917175293
2048,16,21.02180576324463,21.793131589889526
2048,16,21.048238277435303,21.82027578353882
2048,16,21.025358200073242,21.79686737060547
2048,16,21.0549578666687,21.827117204666138
2048,16,21.020179510116577,21.79134511947632
2048,16,21.041395664215088,21.81307601928711
2048,16,21.016982793807983,21.788119554519653
2048,16,21.025689840316772,21.797640800476074
2048,16,21.004525423049927,21.776113748550415
2048,16,21.04837465286255,21.820379734039307
2048,32,10.5359206199646,11.308639287948608
2048,32,10.535691022872925,11.308480262756348
2048,32,10.540244102478027,11.313262462615967
2048,32,10.538158178329468,11.311312437057495
2048,32,10.541389465332031,11.314949989318848
2048,32,10.52600622177124,11.29843282699585
2048,32,10.540495872497559,11.313680410385132
2048,32,10.53280758857727,11.30551552772522
2048,32,10.536543130874634,11.309743642807007
2048,32,10.537317991256714,11.3105788230896
2048,64,5.266857147216797,6.03900146484375
2048,64,5.264801263809204,6.037176609039307
2048,64,5.265471935272217,6.037930488586426
2048,64,5.261467933654785,6.033424377441406
2048,64,5.267805576324463,6.039646625518799
2048,64,5.26824426651001,6.040746212005615
2048,64,5.267192840576172,6.040303468704224
2048,64,5.266091823577881,6.038244724273682
2048,64,5.263627767562866,6.037188291549683
2048,64,5.262991666793823,6.034682035446167
2048,128,2.6316323280334473,3.4040584564208984
2048,128,2.635786533355713,3.4085147380828857
2048,128,2.6346895694732666,3.4072277545928955
2048,128,2.635316848754883,3.4089691638946533
2048,128,2.6347155570983887,3.408069133758545
2048,128,2.636732578277588,3.409937858581543
2048,128,2.6349244117736816,3.4084525108337402
2048,128,2.6398441791534424,3.414402723312378
2048,128,2.6357011795043945,3.4082741737365723
2048,128,2.6372509002685547,3.4113683700561523
2048,256,1.3177542686462402,2.0910069942474365
2048,256,1.3171110153198242,2.0902907848358154
2048,256,1.3173420429229736,2.0912303924560547
2048,256,1.3177103996276855,2.0897674560546875
2048,256,1.3178396224975586,2.091562509536743
2048,256,1.3174116611480713,2.091247797012329
2048,256,1.317847490310669,2.0910253524780273
2048,256,1.3172132968902588,2.09155535697937
2048,256,1.3177311420440674,2.0925447940826416
2048,256,1.318629264831543,2.0943126678466797
2048,512,0.6471447944641113,1.408708095550537
2048,512,0.6478486061096191,1.409275770187378
2048,512,0.6474704742431641,1.4094269275665283
2048,512,0.6476409435272217,1.4092323780059814
2048,512,0.6476333141326904,1.4092350006103516
2048,512,0.6476974487304688,1.4098684787750244
2048,512,0.647728443145752,1.4094858169555664
2048,512,0.6479649543762207,1.4197442531585693
2048,512,0.6481335163116455,1.409287691116333
2048,512,0.6474049091339111,1.4097418785095215
2048,1024,0.32354211807250977,1.084899663925171
2048,1024,0.32353711128234863,1.0848028659820557
2048,1024,0.32355546951293945,1.0845551490783691
2048,1024,0.32375621795654297,1.0851759910583496
2048,1024,0.32379841804504395,1.084907054901123
2048,1024,0.3235738277435303,1.0846502780914307
2048,1024,0.3237338066101074,1.084749698638916
2048,1024,0.3235311508178711,1.085649013519287
2048,1024,0.32340574264526367,1.0848233699798584
2048,1024,0.3237757682800293,1.0850741863250732
2048,2048,0.16186070442199707,0.9235489368438721
2048,2048,0.1616356372833252,0.9231278896331787
2048,2048,0.16179156303405762,0.9230949878692627
2048,2048,0.1619117259979248,0.9233484268188477
2048,2048,0.16202974319458008,0.9236619472503662
2048,2048,0.16184592247009277,0.9233412742614746
2048,2048,0.16242051124572754,0.9244973659515381
2048,2048,0.16192364692687988,0.924332857131958
2048,2048,0.1619112491607666,0.923879861831665
2048,2048,0.1624159812927246,0.924856424331665
4096,1,1109.3028757572174,1110.5934600830078
4096,1,1108.0171246528625,1109.30739235878
4096,1,1107.4087450504303,1108.6987657546997
4096,1,1107.9509987831116,1109.2401819229126
4096,1,1106.9346170425415,1108.2246935367584
4096,1,1106.7570462226868,1108.0458097457886
4096,1,1106.701553106308,1107.989760875702
4096,1,1090.3361036777496,1091.6250395774841
4096,1,1083.246526479721,1084.5050656795502
4096,1,1083.9654450416565,1085.2250089645386
4096,16,67.73786044120789,68.99696230888367
4096,16,67.77251958847046,69.0336263179779
4096,16,67.71836948394775,68.98126435279846
4096,16,67.69624042510986,68.95440125465393
4096,16,67.73337650299072,68.9968945980072
4096,16,67.62894344329834,68.88862347602844
4096,16,67.6555757522583,68.91472697257996
4096,16,67.63188242912292,68.8901743888855
4096,16,67.72646141052246,68.98524856567383
4096,16,67.64365553855896,68.90476393699646
4096,32,33.61306715011597,34.867329835891724
4096,32,33.59199666976929,34.84481143951416
4096,32,33.552356243133545,34.80377697944641
4096,32,33.65243983268738,34.90402388572693
4096,32,33.65619921684265,34.910515785217285
4096,32,33.636268854141235,34.8883535861969
4096,32,33.61509037017822,34.8679301738739
4096,32,33.62079119682312,34.87022256851196
4096,32,33.60955333709717,34.85930156707764
4096,32,33.54527568817139,34.796520948410034
4096,64,17.381287574768066,18.675448894500732
4096,64,17.375394582748413,18.669988870620728
4096,64,17.387048721313477,18.681599140167236
4096,64,17.38084316253662,18.674691915512085
4096,64,17.381133794784546,18.675218105316162
4096,64,17.37631058692932,18.66943073272705
4096,64,17.378438234329224,18.672293424606323
4096,64,17.366105556488037,18.65966534614563
4096,64,17.375267267227173,18.66769814491272
4096,64,17.366814851760864,18.65948748588562
4096,128,8.682140588760376,9.975250244140625
4096,128,8.6875159740448,9.98103642463684
4096,128,8.686873435974121,9.980255365371704
4096,128,8.690575122833252,9.984477996826172
4096,128,8.687240362167358,9.980896711349487
4096,128,8.696576595306396,10.009103298187256
4096,128,8.69061017036438,9.984758853912354
4096,128,8.69454050064087,9.989269256591797
4096,128,8.692413568496704,9.98617959022522
4096,128,8.695325374603271,9.989786148071289
4096,256,4.349307060241699,5.644910097122192
4096,256,4.346822500228882,5.640458583831787
4096,256,4.350315570831299,5.645809650421143
4096,256,4.348836183547974,5.644086837768555
4096,256,4.3503737449646,5.645869731903076
4096,256,4.349078893661499,5.644158601760864
4096,256,4.349874258041382,5.644896984100342
4096,256,4.34888219833374,5.643719673156738
4096,256,4.349503517150879,5.644395112991333
4096,256,4.347820281982422,5.6428749561309814
4096,512,2.1305348873138428,3.4018404483795166
4096,512,2.1302273273468018,3.4026596546173096
4096,512,2.1310155391693115,3.403424024581909
4096,512,2.128479480743408,3.3998842239379883
4096,512,2.128110647201538,3.3988029956817627
4096,512,2.1309142112731934,3.4023542404174805
4096,512,2.130742073059082,3.401982545852661
4096,512,2.1302778720855713,3.4019105434417725
4096,512,2.1307895183563232,3.4022552967071533
4096,512,2.1301279067993164,3.4012274742126465
4096,1024,1.065152883529663,2.336528778076172
4096,1024,1.0646085739135742,2.3361856937408447
4096,1024,1.0654516220092773,2.336479425430298
4096,1024,1.0646369457244873,2.3367230892181396
4096,1024,1.0651519298553467,2.336379051208496
4096,1024,1.0656516551971436,2.3373098373413086
4096,1024,1.0656325817108154,2.337819814682007
4096,1024,1.0660886764526367,2.3380489349365234
4096,1024,1.0653471946716309,2.335632085800171
4096,1024,1.0650584697723389,2.336621046066284
4096,2048,0.5328085422515869,1.8048713207244873
4096,2048,0.5327112674713135,1.8048298358917236
4096,2048,0.5327203273773193,1.8045463562011719
4096,2048,0.5327491760253906,1.804701805114746
4096,2048,0.5326404571533203,1.8043498992919922
4096,2048,0.5327835083007812,1.8045151233673096
4096,2048,0.5329868793487549,1.8048205375671387
4096,2048,0.5330777168273926,1.8049750328063965
4096,2048,0.5330369472503662,1.8045272827148438
4096,2048,0.5325167179107666,1.8044168949127197
4096,4096,0.27488279342651367,1.5864417552947998
4096,4096,0.27553534507751465,1.5876169204711914
4096,4096,0.27527523040771484,1.5874884128570557
4096,4096,0.27554941177368164,1.5875122547149658
4096,4096,0.27551722526550293,1.5890007019042969
4096,4096,0.275040864944458,1.586975336074829
4096,4096,0.27540135383605957,1.587275743484497
4096,4096,0.27566099166870117,1.587364912033081
4096,4096,0.2752411365509033,1.5885813236236572
4096,4096,0.27555084228515625,1.5873866081237793
8192,32,132.29857444763184,134.7898256778717
8192,32,132.53503036499023,135.02017664909363
8192,32,130.87407231330872,133.3488848209381
8192,32,130.18857192993164,132.63597416877747
8192,32,130.4481644630432,132.90769624710083
8192,32,130.56714487075806,133.01718640327454
8192,32,130.79117631912231,133.2375237941742
8192,32,130.7849748134613,133.25312447547913
8192,32,131.0658404827118,133.52881479263306
8192,32,131.02486371994019,133.48412919044495
8192,64,65.46732592582703,67.92159223556519
8192,64,65.80755376815796,68.27417421340942
8192,64,65.46505784988403,67.93561840057373
8192,64,65.55032801628113,68.00906467437744
8192,64,65.82134652137756,68.30030179023743
8192,64,65.64354252815247,68.11575388908386
8192,64,66.03193068504333,68.50213193893433
8192,64,65.84833121299744,68.34099459648132
8192,64,66.14254856109619,68.61697173118591
8192,64,66.08575248718262,68.56488108634949
8192,128,30.601748943328857,32.90520977973938
8192,128,30.587825536727905,32.89362382888794
8192,128,30.57472801208496,32.87936973571777
8192,128,30.58547806739807,32.88661074638367
8192,128,30.6103835105896,32.91478967666626
8192,128,30.641204595565796,32.948716163635254
8192,128,30.633939504623413,32.94272255897522
8192,128,30.667754888534546,32.97593116760254
8192,128,30.66185474395752,32.97206091880798
8192,128,30.6775484085083,32.99044966697693
8192,256,15.328356266021729,17.638110160827637
8192,256,15.325909614562988,17.6354341506958
8192,256,15.325849294662476,17.634502410888672
8192,256,15.31883192062378,17.62787961959839
8192,256,15.325936317443848,17.635188102722168
8192,256,15.345748662948608,17.656391382217407
8192,256,15.328531742095947,17.63835310935974
8192,256,15.32084059715271,17.630382776260376
8192,256,15.318843364715576,17.628034114837646
8192,256,15.319929838180542,17.628965139389038
8192,512,7.663733720779419,9.974185228347778
8192,512,7.66340708732605,9.97273874282837
8192,512,7.656437397003174,9.96614384651184
8192,512,7.666707754135132,9.976847410202026
8192,512,7.668949842453003,9.979981899261475
8192,512,7.670520067214966,9.982468605041504
8192,512,7.671186447143555,9.982684850692749
8192,512,7.671715497970581,9.983889102935791
8192,512,7.673480033874512,9.986013650894165
8192,512,7.671914339065552,9.983916997909546
8192,1024,3.808131456375122,6.105278968811035
8192,1024,3.809072494506836,6.105191230773926
8192,1024,3.8092386722564697,6.105644941329956
8192,1024,3.8087992668151855,6.105921506881714
8192,1024,3.809117317199707,6.114207029342651
8192,1024,3.8087875843048096,6.1058349609375
8192,1024,3.8092243671417236,6.105869770050049
8192,1024,3.80896258354187,6.105283260345459
8192,1024,3.808785915374756,6.1060545444488525
8192,1024,3.8079235553741455,6.104414463043213
8192,2048,1.903580904006958,4.1999287605285645
8192,2048,1.9040300846099854,4.200739622116089
8192,2048,1.9038102626800537,4.200275659561157
8192,2048,1.9042367935180664,4.20003604888916
8192,2048,1.9033195972442627,4.1994922161102295
8192,2048,1.904139518737793,4.2009360790252686
8192,2048,1.9038176536560059,4.200417757034302
8192,2048,1.9036319255828857,4.1996989250183105
8192,2048,1.90415620803833,4.201064586639404
8192,2048,1.9042329788208008,4.200520038604736
8192,4096,0.9516746997833252,3.2484285831451416
8192,4096,0.9515957832336426,3.2479536533355713
8192,4096,0.952092170715332,3.248636245727539
8192,4096,0.9521586894989014,3.2494804859161377
8192,4096,0.9523682594299316,3.248828887939453
8192,4096,0.9522497653961182,3.249049186706543
8192,4096,0.9527785778045654,3.250450849533081
8192,4096,0.9527640342712402,3.251528263092041
8192,4096,0.9534547328948975,3.252206563949585
8192,4096,0.953101634979248,3.2537589073181152
8192,8192,0.5089380741119385,2.970998764038086
8192,8192,0.5102920532226562,2.969752073287964
8192,8192,0.5068461894989014,2.9626657962799072
8192,8192,0.5111641883850098,2.961923360824585
8192,8192,0.5141725540161133,2.965264320373535
8192,8192,0.5083134174346924,2.958751916885376
8192,8192,0.5061702728271484,2.9533638954162598
8192,8192,0.5046238899230957,2.94914174079895
8192,8192,0.5050466060638428,2.9551875591278076
8192,8192,0.5043714046478271,2.9533326625823975
16384,64,255.99833011627197,260.8764805793762
16384,64,255.03145718574524,259.8411183357239
16384,64,255.20291996002197,260.0416624546051
16384,64,254.213604927063,259.00107526779175
16384,64,257.2600407600403,262.06081652641296
16384,64,258.03383684158325,262.93471240997314
16384,64,244.32810807228088,249.22271060943604
16384,64,244.25934100151062,248.8904366493225
16384,64,244.7177653312683,249.3355314731598
16384,64,244.23469281196594,248.91940808296204
16384,128,122.27620482444763,126.88094568252563
16384,128,122.32591080665588,126.93577170372009
16384,128,121.33296084403992,125.95860362052917
16384,128,120.56792664527893,125.15273714065552
16384,128,120.8372449874878,125.41388130187988
16384,128,120.34658193588257,124.92004418373108
16384,128,120.47046113014221,125.05122542381287
16384,128,120.33461403846741,124.90658688545227
16384,128,120.23089718818665,124.77521872520447
16384,128,120.10771703720093,124.68846797943115
16384,256,58.931116819381714,63.39611792564392
16384,256,58.934290409088135,63.414010763168335
16384,256,58.48969268798828,62.93243479728699
16384,256,58.52815365791321,62.9711549282074
16384,256,58.48019576072693,62.92224621772766
16384,256,58.4771294593811,62.91560912132263
16384,256,58.79004263877869,63.241217613220215
16384,256,59.28225517272949,63.76238536834717
16384,256,59.02645659446716,63.488261699676514
16384,256,59.09622311592102,63.576258182525635
16384,512,29.50156545639038,33.97827386856079
16384,512,29.468862533569336,33.94258713722229
16384,512,29.48039484024048,33.95680356025696
16384,512,29.510867595672607,33.99027943611145
16384,512,29.56445622444153,34.04623365402222
16384,512,29.559940576553345,34.04638648033142
16384,512,29.434731245040894,33.90038204193115
16384,512,29.535659790039062,34.019545793533325
16384,512,29.552024841308594,34.002949476242065
16384,512,29.31049609184265,33.78898882865906
16384,1024,14.701018810272217,19.166955709457397
16384,1024,14.684844493865967,19.148250341415405
16384,1024,14.680771827697754,19.13748860359192
16384,1024,14.695395946502686,19.15459966659546
16384,1024,14.691894054412842,19.15255355834961
16384,1024,14.706696271896362,19.17022681236267
16384,1024,14.704101085662842,19.166168451309204
16384,1024,14.726828813552856,19.194314002990723
16384,1024,14.723428726196289,19.208864450454712
16384,1024,14.708925485610962,19.179482460021973
16384,2048,7.207621812820435,11.58399486541748
16384,2048,7.216910123825073,11.60413646697998
16384,2048,7.212404489517212,11.597826480865479
16384,2048,7.210259914398193,11.596667766571045
16384,2048,7.211781978607178,11.594502449035645
16384,2048,7.218471527099609,11.603510618209839
16384,2048,7.216418266296387,11.603068828582764
16384,2048,7.232025384902954,11.630569696426392
16384,2048,7.23052978515625,11.631754398345947
16384,2048,7.226073980331421,11.621401309967041
16384,4096,3.618908405303955,8.019506931304932
16384,4096,3.6196999549865723,8.019269466400146
16384,4096,3.618088483810425,8.01697063446045
16384,4096,3.6173956394195557,8.019352436065674
16384,4096,3.6175718307495117,8.021691083908081
16384,4096,3.616971969604492,8.011350631713867
16384,4096,3.615720272064209,8.012100219726562
16384,4096,3.614072561264038,8.007950067520142
16384,4096,3.6200037002563477,8.016961574554443
16384,4096,3.614151954650879,8.009040832519531
16384,8192,1.8070061206817627,6.199474811553955
16384,8192,1.806966781616211,6.1997387409210205
16384,8192,1.8070802688598633,6.198934078216553
16384,8192,1.806788444519043,6.198212623596191
16384,8192,1.805920124053955,6.196640729904175
16384,8192,1.80588698387146,6.19797945022583
16384,8192,1.8062615394592285,6.197989463806152
16384,8192,1.8067100048065186,6.19760537147522
16384,8192,1.8063602447509766,6.197707414627075
16384,8192,1.8074970245361328,6.201195955276489
32768,128,453.2279317378998,461.89427304267883
32768,128,450.3202621936798,458.93252444267273
32768,128,448.2367649078369,456.80693221092224
32768,128,449.53285098075867,458.088520526886
32768,128,449.5613386631012,458.12798380851746
32768,128,449.07315492630005,457.6280961036682
32768,128,447.68002557754517,456.210725069046
32768,128,447.6896731853485,456.2423768043518
32768,128,446.8961317539215,455.4130256175995
32768,128,448.30576825141907,456.833256483078
32768,256,223.2988998889923,231.83388543128967
32768,256,222.53534388542175,231.05884456634521
32768,256,222.3759162425995,230.85953903198242
32768,256,221.89314079284668,230.36605954170227
32768,256,221.89405369758606,230.36539888381958
32768,256,221.87321257591248,230.34281826019287
32768,256,221.76464462280273,230.2240355014801
32768,256,221.61938190460205,230.0882568359375
32768,256,221.50424718856812,229.9573838710785
32768,256,221.8265631198883,230.2969515323639
32768,512,110.80688309669495,119.27213311195374
32768,512,110.79958868026733,119.2626519203186
32768,512,110.90032577514648,119.3593270778656
32768,512,110.8518614768982,119.31938910484314
32768,512,110.75074195861816,119.20436072349548
32768,512,110.8309760093689,119.27576971054077
32768,512,110.88686776161194,119.34643936157227
32768,512,110.87271475791931,119.3456084728241
32768,512,110.86879682540894,119.33644247055054
32768,512,110.97243762016296,119.42762112617493
32768,1024,56.41501545906067,65.03687405586243
32768,1024,56.499051570892334,65.09943890571594
32768,1024,56.39739966392517,65.00846338272095
32768,1024,56.54769325256348,65.15596771240234
32768,1024,57.070338010787964,65.72445273399353
32768,1024,57.26581335067749,66.01323127746582
32768,1024,57.20011353492737,65.91047787666321
32768,1024,57.266440868377686,65.99618005752563
32768,1024,57.15725564956665,65.87306594848633
32768,1024,57.189231157302856,65.89737200737
32768,2048,28.603769540786743,37.336731910705566
32768,2048,28.630762577056885,37.26446056365967
32768,2048,28.521063089370728,37.22920346260071
32768,2048,28.44750142097473,37.18007850646973
32768,2048,28.485870361328125,37.16513442993164
32768,2048,28.450156688690186,37.13335847854614
32768,2048,28.43813395500183,37.10642385482788
32768,2048,28.461994409561157,37.141645431518555
32768,2048,28.504319429397583,37.18799138069153
32768,2048,28.50832748413086,37.21530508995056
32768,4096,14.159721851348877,22.79615545272827
32768,4096,14.15356159210205,22.78822684288025
32768,4096,14.126650094985962,22.75632119178772
32768,4096,14.140598058700562,22.76503276824951
32768,4096,14.153221130371094,22.77821946144104
32768,4096,14.17177963256836,22.818536520004272
32768,4096,14.17813229560852,22.82952380180359
32768,4096,14.183130741119385,22.832284450531006
32768,4096,14.175556182861328,22.819860219955444
32768,4096,14.182390213012695,22.84117865562439
32768,8192,7.005076885223389,15.566373109817505
32768,8192,6.998922824859619,15.555200576782227
32768,8192,6.979241847991943,15.502114295959473
32768,8192,6.980309009552002,15.503117799758911
32768,8192,6.963797330856323,15.486091375350952
32768,8192,6.98950982093811,15.496757507324219
32768,8192,6.985687255859375,15.50914192199707
32768,8192,6.997099876403809,15.493711233139038
32768,8192,7.009847164154053,15.547489166259766
32768,8192,7.007427215576172,15.56240177154541
65536,256,887.9017910957336,904.8222165107727
65536,256,889.1598763465881,906.1438925266266
65536,256,885.7941017150879,902.7111496925354
65536,256,884.8928182125092,901.7584817409515
65536,256,883.1254768371582,900.0435721874237
65536,256,875.7200877666473,892.5125725269318
65536,256,874.5528345108032,891.2619457244873
65536,256,874.6204116344452,891.3425149917603
65536,256,861.7393991947174,878.4763307571411
65536,256,851.6233158111572,867.8438911437988
65536,512,428.4023759365082,444.7630662918091
65536,512,428.34183382987976,444.69279432296753
65536,512,428.14390301704407,444.531699180603
65536,512,426.77356600761414,443.0907664299011
65536,512,424.4032692909241,440.7102196216583
65536,512,413.6764643192291,429.8692409992218
65536,512,416.2717545032501,432.1904411315918
65536,512,417.7774362564087,433.6770601272583
65536,512,416.9396300315857,432.87422347068787
65536,512,416.71676898002625,432.68057203292847
65536,1024,224.98953437805176,242.13148427009583
65536,1024,223.84553408622742,241.01922750473022
65536,1024,222.82698321342468,239.93526029586792
65536,1024,221.81082463264465,238.81540369987488
65536,1024,226.48542737960815,243.39222526550293
65536,1024,227.30028653144836,244.6182506084442
65536,1024,227.32921504974365,244.6760184764862
65536,1024,227.48645973205566,244.91906595230103
65536,1024,227.24720168113708,244.56785893440247
65536,1024,227.354825258255,244.70440363883972
65536,2048,113.34755802154541,130.60527086257935
65536,2048,113.10476565361023,130.38681077957153
65536,2048,113.21990036964417,130.52225804328918
65536,2048,113.45439672470093,130.7271671295166
65536,2048,113.3548641204834,130.63577151298523
65536,2048,113.31505131721497,130.62555503845215
65536,2048,113.02168655395508,130.3301317691803
65536,2048,113.04425168037415,130.29212880134583
65536,2048,112.97548294067383,130.22698378562927
65536,2048,113.16274285316467,130.45472693443298
65536,4096,56.69776010513306,74.01303291320801
65536,4096,56.81209850311279,74.12761664390564
65536,4096,56.64577007293701,73.9283709526062
65536,4096,56.72145891189575,74.00465536117554
65536,4096,56.753482818603516,74.09066796302795
65536,4096,56.777159452438354,74.11863541603088
65536,4096,56.81612730026245,74.24569201469421
65536,4096,56.565008878707886,73.86329770088196
65536,4096,56.83531427383423,74.08593893051147
65536,4096,56.85612964630127,74.13938403129578
65536,8192,28.165541410446167,45.34863209724426
65536,8192,28.192636013031006,45.36047172546387
65536,8192,28.2064368724823,45.40797829627991
65536,8192,28.696964979171753,46.079124212265015
65536,8192,28.680675268173218,46.17065763473511
65536,8192,28.714967489242554,46.20608901977539
65536,8192,28.779858827590942,46.31951451301575
65536,8192,28.649210214614868,46.20721435546875
65536,8192,28.739518404006958,46.25137782096863
65536,8192,28.74582266807556,46.231953859329224
